,SALE TYPE,SOLD DATE,PROPERTY TYPE,ADDRESS,CITY,STATE OR PROVINCE,ZIP OR POSTAL CODE,PRICE,BEDS,BATHS,LOCATION,SQUARE FEET,LOT SIZE,YEAR BUILT,DAYS ON MARKET,$/SQUARE FEET,HOA/MONTH,STATUS,NEXT OPEN HOUSE START TIME,NEXT OPEN HOUSE END TIME,URL (SEE http://www.redfin.com/buy-a-home/comparative-market-analysis FOR INFO ON PRICING),SOURCE,MLS#,FAVORITE,INTERESTED,LATITUDE,LONGITUDE,PRICE_Duplicate,BEDS_Duplicate,BATHS_Duplicate,SQUARE FEET_Duplicate,YEAR BUILT_Duplicate,PRICE_ESTIMATE
0,MLS Listing,,Condo/Co-op,1335 S Prairie Ave #1105,Chicago,IL,60605,799000,3.0,2.5,Museum Park Tower II,2076.0,,2003.0,1,385.0,1170.0,Active,,,http://www.redfin.com/IL/Chicago/1335-S-Prairie-Ave-60605/unit-1105/home/12669427,MRED,11268174,N,Y,41.8646742,-87.6207646,799000,3.0,2.5,2076.0,2003.0,726273.6657196353
1,MLS Listing,,Single Family Residential,4944 W Roscoe St,Chicago,IL,60641,424900,4.0,3.5,CHI - Portage Park,2921.0,4173.0,1924.0,1,145.0,,Active,,,http://www.redfin.com/IL/Chicago/4944-W-Roscoe-St-60641/home/13459053,MRED,11268165,N,Y,41.9426263,-87.7512488,424900,4.0,3.5,2921.0,1924.0,1007532.188520534
2,MLS Listing,,Single Family Residential,8111 S Scottsdale Ave,Chicago,IL,60652,265000,3.0,1.0,CHI - Ashburn,998.0,,1956.0,1,266.0,,Active,,,http://www.redfin.com/IL/Chicago/8111-S-Scottsdale-Ave-60652/home/13970844,MRED,11268170,N,Y,41.7459643,-87.7371723,265000,3.0,1.0,998.0,1956.0,13942.019276513252
3,MLS Listing,,Condo/Co-op,4335 N Mozart St #1,Chicago,IL,60618,325000,3.0,2.0,CHI - Irving Park,1875.0,,2002.0,1,173.0,248.0,Active,November-14-2021 11:00 AM,November-14-2021 12:30 PM,http://www.redfin.com/IL/Chicago/4335-N-Mozart-St-60618/unit-1/home/12727392,MRED,11266874,N,Y,41.9604574,-87.6993442,325000,3.0,2.0,1875.0,2002.0,555706.7675297279
4,MLS Listing,,Single Family Residential,5736 S Loomis Blvd,Chicago,IL,60636,159900,5.0,2.0,CHI - West Englewood,1953.0,3123.0,1906.0,1,82.0,,Active,,,http://www.redfin.com/IL/Chicago/5736-S-Loomis-Blvd-60636/home/13941117,MRED,11268151,N,Y,41.7893705,-87.6598662,159900,5.0,2.0,1953.0,1906.0,253792.7138958876
5,MLS Listing,,Single Family Residential,6619 S Saint Lawrence Ave,Chicago,IL,60619,149900,4.0,1.0,CHI - Chatham,1744.0,3027.0,1915.0,1,86.0,,Active,,,http://www.redfin.com/IL/Chicago/6619-S-St-Lawrence-Ave-60637/home/13930091,MRED,11268149,N,Y,41.7742661,-87.6103743,149900,4.0,1.0,1744.0,1915.0,95528.99473957624
6,MLS Listing,,Condo/Co-op,2912 N Commonwealth Ave Unit 10CD,Chicago,IL,60657,1300000,4.0,3.5,CHI - Lake View,4500.0,,1929.0,1,289.0,2379.0,Active,,,http://www.redfin.com/IL/Chicago/2912-N-Commonwealth-Ave-60657/unit-10CD/home/104210194,MRED,11268146,N,Y,41.9348315,-87.6383318,1300000,4.0,3.5,4500.0,1929.0,1514878.1051171925
7,MLS Listing,,Single Family Residential,3226 N Ozark Ave,Chicago,IL,60634,335000,4.0,2.0,CHI - Dunning,979.0,,1943.0,1,342.0,,Active,November-13-2021 01:00 PM,November-13-2021 03:00 PM,http://www.redfin.com/IL/Chicago/3226-N-Ozark-Ave-60634/home/13540864,MRED,11264442,N,Y,41.938729,-87.8204904,335000,4.0,2.0,979.0,1943.0,95244.10148761142
10,MLS Listing,,Condo/Co-op,2000 N Lincoln Park West #802,Chicago,IL,60614,499000,2.0,2.0,CHI - Lincoln Park,1250.0,,1931.0,1,399.0,890.0,Active,,,http://www.redfin.com/IL/Chicago/2000-N-Lincoln-Park-W-60614/unit-802/home/12659120,MRED,11268125,N,Y,41.9199016,-87.6365672,499000,2.0,2.0,1250.0,1931.0,386033.893497529
12,MLS Listing,,Condo/Co-op,1151 W 14th Pl #301,Chicago,IL,60608,325000,1.0,1.0,University Commons,1005.0,,2004.0,1,323.0,437.0,Active,,,http://www.redfin.com/IL/Chicago/1151-W-14th-Pl-60608/unit-301/home/18935040,MRED,11268111,N,Y,41.8623228,-87.6562151,325000,1.0,1.0,1005.0,2004.0,288635.4855501116
14,MLS Listing,,Condo/Co-op,6145 N Sheridan Rd Unit 30C,Chicago,IL,60660,270000,2.0,2.0,Edgewater Beach,1600.0,,1970.0,1,169.0,935.0,Active,November-14-2021 11:30 AM,November-14-2021 01:00 PM,http://www.redfin.com/IL/Chicago/6145-N-Sheridan-Rd-60660/unit-30C/home/13412565,MRED,11268101,N,Y,41.993558,-87.654636,270000,2.0,2.0,1600.0,1970.0,541299.7538002487
16,MLS Listing,,Condo/Co-op,333 W Hubbard St #305,Chicago,IL,60654,359999,2.0,2.0,Union Square Lofts,1184.0,,1998.0,1,304.0,814.0,Active,,,http://www.redfin.com/IL/Chicago/333-W-Hubbard-St-60654/unit-305/home/12766424,MRED,11268081,N,Y,41.8894049,-87.6366024,359999,2.0,2.0,1184.0,1998.0,440756.5081854691
19,MLS Listing,,Single Family Residential,5305 N Austin Ave,Chicago,IL,60630,350000,2.0,2.0,Gladstone Park,1018.0,3720.0,1953.0,1,344.0,,Active,,,http://www.redfin.com/IL/Chicago/5305-N-Austin-Ave-60630/home/13501767,MRED,11268071,N,Y,41.9776849,-87.777861,350000,2.0,2.0,1018.0,1953.0,337174.68074805476
21,MLS Listing,,Condo/Co-op,260 E Chestnut St #3105,Chicago,IL,60611,299000,1.0,1.0,CHI - Near North Side,936.0,,1963.0,1,319.0,678.0,Active,,,http://www.redfin.com/IL/Chicago/260-E-Chestnut-St-60611/unit-3105/home/14119166,MRED,11268054,N,Y,41.8986644,-87.6196021,299000,1.0,1.0,936.0,1963.0,220392.53847028827
22,MLS Listing,,Single Family Residential,11635 S Vincennes Ave,Chicago,IL,60643,285000,4.0,1.5,CHI - Morgan Park,918.0,3123.0,1974.0,1,310.0,,Active,,,http://www.redfin.com/IL/Chicago/11635-S-Vincennes-Ave-60643/home/13069233,MRED,11268058,N,Y,41.6823782,-87.6686892,285000,4.0,1.5,918.0,1974.0,5311.351580351591
23,MLS Listing,,Condo/Co-op,632 W Wrightwood Ave Unit 4W,Chicago,IL,60614,615000,2.0,2.0,CHI - Lincoln Park,1660.0,,1997.0,1,370.0,436.0,Active,November-13-2021 11:00 AM,November-13-2021 01:00 PM,http://www.redfin.com/IL/Chicago/632-W-Wrightwood-Ave-60614/unit-4W/home/12806106,MRED,11268057,N,Y,41.929704,-87.644165,615000,2.0,2.0,1660.0,1997.0,590866.7039965149
24,MLS Listing,,Condo/Co-op,10518 S Artesian Ave Unit 1N,Chicago,IL,60655,115000,2.0,1.0,CHI - Beverly,1000.0,,1955.0,1,115.0,169.0,Active,,,http://www.redfin.com/IL/Chicago/10518-S-Artesian-Ave-60655/unit-1N/home/12816800,MRED,11268061,N,Y,41.7022167,-87.6831132,115000,2.0,1.0,1000.0,1955.0,122568.55205901852
26,MLS Listing,,Condo/Co-op,2221 N Lister Ave Unit 3F,Chicago,IL,60614,350000,2.0,2.0,CHI - Logan Square,1455.0,,1918.0,1,241.0,375.0,Active,,,http://www.redfin.com/IL/Chicago/2221-N-Lister-Ave-60614/unit-3F/home/12771617,MRED,11268047,N,Y,41.9220547,-87.674516,350000,2.0,2.0,1455.0,1918.0,436482.0675621587
27,MLS Listing,,Condo/Co-op,421 W Huron St #1504,Chicago,IL,60654,515000,2.0,2.0,CHI - Near North Side,1200.0,,2001.0,1,429.0,846.0,Active,,,http://www.redfin.com/IL/Chicago/421-W-Huron-St-60654/unit-1504/home/12738292,MRED,11259893,N,Y,41.8944434,-87.6395533,515000,2.0,2.0,1200.0,2001.0,449229.4361151308
29,MLS Listing,,Condo/Co-op,33 W Delaware Pl Unit 12D,Chicago,IL,60610,265000,1.0,1.0,Delaware Place,850.0,,1986.0,1,312.0,682.0,Active,,,http://www.redfin.com/IL/Chicago/33-W-Delaware-Pl-60610/unit-12D/home/12666787,MRED,11268036,N,Y,41.8989101,-87.6293147,265000,1.0,1.0,850.0,1986.0,219051.790959395
32,MLS Listing,,Condo/Co-op,6530 W Irving Park Rd #205,Chicago,IL,60634,165000,1.0,1.0,Merrimac Square,1000.0,,1994.0,1,165.0,257.0,Active,,,http://www.redfin.com/IL/Chicago/6530-W-Irving-Park-Rd-60634/unit-205/home/13470889,MRED,11268029,N,Y,41.953285,-87.790441,165000,1.0,1.0,1000.0,1994.0,275749.38915659627
33,MLS Listing,,Condo/Co-op,360 W Illinois St #117,Chicago,IL,60654,425000,2.0,2.0,CHI - Near North Side,1400.0,,1923.0,1,304.0,709.0,Active,November-14-2021 12:00 PM,November-14-2021 01:30 PM,http://www.redfin.com/IL/Chicago/360-W-Illinois-St-60654/unit-117/home/12738734,MRED,11262449,N,Y,41.8909752,-87.6385396,425000,2.0,2.0,1400.0,1923.0,424655.5851956471
34,MLS Listing,,Single Family Residential,4332 W 82nd Pl,Chicago,IL,60652,319999,5.0,2.5,Crestline,2400.0,5854.0,1956.0,1,133.0,,Active,,,http://www.redfin.com/IL/Chicago/4332-W-82nd-Pl-60652/home/13968917,MRED,11268015,N,Y,41.7429649,-87.7309019,319999,5.0,2.5,2400.0,1956.0,557878.8934533978
36,MLS Listing,,Condo/Co-op,1469 W Winona St #2,Chicago,IL,60640,425000,2.0,1.5,CHI - Uptown,1593.0,,1923.0,1,267.0,315.0,Active,November-13-2021 01:00 PM,November-13-2021 03:00 PM,http://www.redfin.com/IL/Chicago/1469-W-Winona-St-60640/unit-2/home/13399375,MRED,11267997,N,Y,41.9751035,-87.6673875,425000,2.0,1.5,1593.0,1923.0,380404.4318911177
37,MLS Listing,,Townhouse,1328 S Federal St Unit I,Chicago,IL,60605,574999,3.0,2.5,Dearborn Park II,2350.0,,1991.0,1,245.0,574.0,Active,November-14-2021 12:00 PM,November-14-2021 02:30 PM,http://www.redfin.com/IL/Chicago/1328-S-Federal-St-60605/unit-I/home/14085130,MRED,11267999,N,Y,41.8649368,-87.6298684,574999,3.0,2.5,2350.0,1991.0,799775.020616381
38,MLS Listing,,Single Family Residential,3321 W Crystal St,Chicago,IL,60651,875000,5.0,3.5,CHI - Humboldt Park,3000.0,3101.0,2021.0,1,292.0,,Active,,,http://www.redfin.com/IL/Chicago/3321-W-Crystal-St-60651/home/13285385,MRED,11267995,N,Y,41.903543,-87.7101994,875000,5.0,3.5,3000.0,2021.0,1033097.3030042625
39,MLS Listing,,Single Family Residential,2535 W Winona St,Chicago,IL,60625,419900,4.0,2.0,CHI - Lincoln Square,1500.0,2748.0,1910.0,1,280.0,,Active,,,http://www.redfin.com/IL/Chicago/2535-W-Winona-St-60625/home/13490104,MRED,11267982,N,Y,41.9746658,-87.6936846,419900,4.0,2.0,1500.0,1910.0,223500.37778478954
40,MLS Listing,,Single Family Residential,7001 S Throop St,Chicago,IL,60636,74900,2.0,1.0,CHI - West Englewood,1000.0,3123.0,1953.0,1,75.0,,Active,,,http://www.redfin.com/IL/Chicago/7001-S-Throop-St-60636/home/13932153,MRED,11267979,N,Y,41.7667225,-87.6563694,74900,2.0,1.0,1000.0,1953.0,120309.06374663347
41,MLS Listing,,Condo/Co-op,340 W Superior St #801,Chicago,IL,60654,460000,2.0,2.0,CHI - Near North Side,1200.0,,2001.0,1,383.0,734.0,Active,November-14-2021 11:00 AM,November-14-2021 01:00 PM,http://www.redfin.com/IL/Chicago/340-W-Superior-St-60654/unit-801/home/12681425,MRED,11267988,N,Y,41.8957828,-87.6377203,460000,2.0,2.0,1200.0,2001.0,449229.4361151308
42,MLS Listing,,Condo/Co-op,5757 N St. Louis Ave #1,Chicago,IL,60659,399500,3.0,2.5,CHI - North Park,2600.0,,1945.0,1,154.0,400.0,Active,November-13-2021 01:00 PM,November-13-2021 03:00 PM,http://www.redfin.com/IL/Chicago/5757-N-Saint-Louis-Ave-60659/unit-1/home/177163739,MRED,11267973,N,Y,41.9864268,-87.715949,399500,3.0,2.5,2600.0,1945.0,827239.5310109495
44,MLS Listing,,Condo/Co-op,1235 S Prairie Ave #3209,Chicago,IL,60605,649900,2.0,2.0,Museum Park,1516.0,,2006.0,1,429.0,872.0,Active,,,http://www.redfin.com/IL/Chicago/1235-S-Prairie-Ave-60605/unit-3209/home/18916869,MRED,11267964,N,Y,41.8661749,-87.6213375,649900,2.0,2.0,1516.0,2006.0,555281.142252496
45,MLS Listing,,Condo/Co-op,3201 W Balmoral Ave #202,Chicago,IL,60625,179000,2.0,1.0,CHI - North Park,1000.0,,1971.0,1,179.0,266.0,Active,,,http://www.redfin.com/IL/Chicago/3201-W-Balmoral-Ave-60625/unit-202/home/12614076,MRED,11267970,N,Y,41.9791733,-87.709141,179000,2.0,1.0,1000.0,1971.0,140644.45855810167
46,MLS Listing,,Single Family Residential,2814 N Springfield Ave,Chicago,IL,60618,469000,5.0,3.0,CHI - Avondale,1600.0,3110.0,1898.0,1,293.0,,Active,,,http://www.redfin.com/IL/Chicago/2814-N-Springfield-Ave-60618/home/13448875,MRED,11267962,N,Y,41.9323183,-87.7248133,469000,5.0,3.0,1600.0,1898.0,343742.1891438896
47,MLS Listing,,Single Family Residential,2635 N Albany Ave,Chicago,IL,60647,750000,3.0,3.0,Logan Boulevard,1950.0,3123.0,1925.0,1,385.0,,Active,November-13-2021 11:00 AM,November-13-2021 01:00 PM,http://www.redfin.com/IL/Chicago/2635-N-Albany-Ave-60647/home/13449791,MRED,11267961,N,Y,41.9296915,-87.7046663,750000,3.0,3.0,1950.0,1925.0,703692.7495844234
48,MLS Listing,,Condo/Co-op,707 W Waveland Ave #1605,Chicago,IL,60613,124999,0.0,1.0,CHI - Lake View,850.0,,1974.0,1,147.0,507.0,Active,,,http://www.redfin.com/IL/Chicago/707-W-Waveland-Ave-60613/unit-1605/home/177163674,MRED,11267958,N,Y,41.9493496,-87.6469733,124999,0.0,1.0,850.0,1974.0,314615.6760911457
49,MLS Listing,,Single Family Residential,5123 W Fletcher St,Chicago,IL,60641,395000,5.0,3.0,CHI - Belmont Cragin,2800.0,3998.0,1925.0,1,141.0,,Active,,,http://www.redfin.com/IL/Chicago/5123-W-Fletcher-St-60641/home/13441456,MRED,11267944,N,Y,41.9375907,-87.7551709,395000,5.0,3.0,2800.0,1925.0,755522.4409423675
52,MLS Listing,,Single Family Residential,2342 W Superior St,Chicago,IL,60612,1995000,5.0,4.0,CHI - West Town,5000.0,3811.0,2017.0,1,399.0,,Active,,,http://www.redfin.com/IL/Chicago/2342-W-Superior-St-60612/unit-2/home/14104570,MRED,11267934,N,Y,41.8950378,-87.6860242,1995000,5.0,4.0,5000.0,2017.0,1769613.4888188015
53,MLS Listing,,Condo/Co-op,210 S Des Plaines St #501,Chicago,IL,60661,409000,2.0,2.0,CHI - Near West Side,1350.0,,2005.0,1,303.0,756.0,Active,,,http://www.redfin.com/IL/Chicago/210-S-Desplaines-St-60661/unit-501/home/12594624,MRED,11267939,N,Y,41.8789423,-87.6445088,409000,2.0,2.0,1350.0,2005.0,501408.05768756056
54,MLS Listing,,Single Family Residential,1740 W 100th St,Chicago,IL,60643,489900,5.0,3.5,CHI - Beverly,2500.0,6599.0,1905.0,1,196.0,,Active,November-14-2021 02:00 PM,November-14-2021 03:30 PM,http://www.redfin.com/IL/Chicago/1740-W-100th-St-60643/home/13097418,MRED,11267928,N,Y,41.7122486,-87.6665318,489900,5.0,3.5,2500.0,1905.0,743181.4977270467
55,MLS Listing,,Condo/Co-op,565 W Quincy St #1703,Chicago,IL,60661,329900,1.0,1.0,CHI - Near West Side,800.0,,2010.0,1,412.0,450.0,Active,,,http://www.redfin.com/IL/Chicago/565-W-Quincy-St-60661/unit-1703/home/171322258,MRED,11267925,N,Y,41.8784439,-87.6420711,329900,1.0,1.0,800.0,2010.0,230279.10239213286
57,MLS Listing,,Single Family Residential,9345 S Damen Ave,Chicago,IL,60643,603750,4.0,2.5,CHI - Beverly,2698.0,9365.0,1929.0,1,224.0,,Active,,,http://www.redfin.com/IL/Chicago/9345-S-Damen-Ave-60643/home/13099689,MRED,11267916,N,Y,41.723354,-87.6724836,603750,4.0,2.5,2698.0,1929.0,731180.4442049414
58,MLS Listing,,Condo/Co-op,4572 N Milwaukee Ave Unit 5A,Chicago,IL,60630,160000,2.0,2.0,CHI - Portage Park,1000.0,,1975.0,1,160.0,300.0,Active,,,http://www.redfin.com/IL/Chicago/4572-N-Milwaukee-Ave-60630/unit-5A/home/13479870,MRED,11267913,N,Y,41.9639287,-87.758371,160000,2.0,2.0,1000.0,1975.0,356309.8947905749
63,MLS Listing,,Condo/Co-op,1522 E 59th St Unit 3F,Chicago,IL,60637,97000,1.0,1.0,Hyde Park Manor,750.0,,1926.0,1,129.0,375.0,Active,,,http://www.redfin.com/IL/Chicago/1522-E-59th-St-60637/unit-3F/home/143505835,MRED,11267898,N,Y,41.7879653,-87.5880746,97000,1.0,1.0,750.0,1926.0,119494.04495606106
67,MLS Listing,,Condo/Co-op,1964 W Foster Ave Unit C,Chicago,IL,60640,359900,2.0,2.0,CHI - Lincoln Square,1400.0,,2000.0,1,257.0,172.0,Active,November-13-2021 12:00 PM,November-13-2021 04:00 PM,http://www.redfin.com/IL/Chicago/1964-W-Foster-Ave-60640/unit-C/home/12561265,MRED,11267860,N,Y,41.9762469,-87.6789547,359900,2.0,2.0,1400.0,2000.0,511645.8852224834
69,MLS Listing,,Condo/Co-op,1305 S Michigan Ave #1711,Chicago,IL,60605,294000,1.0,1.0,CHI - Near South Side,880.0,,2004.0,1,334.0,391.0,Active,,,http://www.redfin.com/IL/Chicago/1305-S-Michigan-Ave-60605/unit-1711/home/18920604,MRED,11267848,N,Y,41.8654091,-87.6236899,294000,1.0,1.0,880.0,2004.0,248919.11476039514
71,MLS Listing,,Single Family Residential,1105 N Homan,Chicago,IL,60651,260000,4.0,2.0,Humboldt Park,1285.0,5250.0,1885.0,1,202.0,,Active,,,http://www.redfin.com/IL/Chicago/1105-N-Homan-Ave-60651/home/22909482,GNIAR,504049,N,Y,41.9010713,-87.7114479,260000,4.0,2.0,1285.0,1885.0,126944.61612166045
72,MLS Listing,,Single Family Residential,1532 E 76th Pl,Chicago,IL,60619,289900,4.0,3.0,CHI - South Shore,2000.0,3123.0,1903.0,1,145.0,,Active,,,http://www.redfin.com/IL/Chicago/1532-E-76th-Pl-60619/home/13920312,MRED,11267836,N,Y,41.7562088,-87.5869831,289900,4.0,3.0,2000.0,1903.0,585604.1114580077
73,MLS Listing,,Single Family Residential,7923 S Indiana Ave,Chicago,IL,60619,190000,4.0,1.0,CHI - Chatham,1050.0,4752.0,1925.0,1,181.0,,Active,,,http://www.redfin.com/IL/Chicago/7923-S-Indiana-Ave-60619/home/13226346,MRED,11267837,N,Y,41.7503155,-87.61939,190000,4.0,1.0,1050.0,1925.0,-113678.85432300065
74,MLS Listing,,Condo/Co-op,2501 W Bryn Mawr Ave #207,Chicago,IL,60659,232000,2.0,1.0,CHI - Lincoln Square,782.0,,1957.0,1,297.0,182.0,Active,,,http://www.redfin.com/IL/Chicago/2501-W-Bryn-Mawr-Ave-60659/unit-207/home/26804524,MRED,11267835,N,Y,41.9828612,-87.6922792,232000,2.0,1.0,782.0,1957.0,55562.68971413886
75,MLS Listing,,Single Family Residential,6917 S King Dr,Chicago,IL,60637,314900,5.0,3.0,CHI - Greater Grand Crossing,2628.0,3101.0,1912.0,1,120.0,,Active,,,http://www.redfin.com/IL/Chicago/6917-S-King-Dr-60637/home/13928400,MRED,11267824,N,Y,41.7687987,-87.6150704,314900,5.0,3.0,2628.0,1912.0,686186.0407052133
76,MLS Listing,,Single Family Residential,1050 N Lorel Ave,Chicago,IL,60651,312500,4.0,2.0,CHI - Austin,1525.0,4665.0,1910.0,1,205.0,,Active,,,http://www.redfin.com/IL/Chicago/1050-N-Lorel-Ave-60651/home/13279524,MRED,11267823,N,Y,41.900061,-87.7597848,312500,4.0,2.0,1525.0,1910.0,231443.65194273274
77,MLS Listing,,Single Family Residential,5125 W 64th St,Chicago,IL,60638,319900,3.0,2.0,CHI - Clearing,1700.0,,1946.0,1,188.0,,Active,,,http://www.redfin.com/IL/Chicago/5125-W-64th-St-60638/home/13995248,MRED,11267822,N,Y,41.7758277,-87.7502105,319900,3.0,2.0,1700.0,1946.0,436838.1756773349
81,MLS Listing,,Single Family Residential,3830 W 64th St,Chicago,IL,60629,319000,4.0,2.0,CHI - West Lawn,2685.0,3101.0,1944.0,1,119.0,,Active,November-13-2021 12:00 PM,November-13-2021 03:00 PM,http://www.redfin.com/IL/Chicago/3830-W-64th-St-60629/home/13990642,MRED,11255189,N,Y,41.7770807,-87.7190307,319000,4.0,2.0,2685.0,1944.0,638422.8741818499
82,MLS Listing,,Condo/Co-op,4800 S Chicago Beach Dr Unit 214N,Chicago,IL,60615,125000,1.0,1.0,Newport Condominiums,773.0,,1962.0,1,162.0,595.0,Active,,,http://www.redfin.com/IL/Chicago/4800-S-Chicago-Beach-Dr-60615/unit-214N/home/13947356,MRED,11267785,N,Y,41.8064982,-87.5866451,125000,1.0,1.0,773.0,1962.0,167472.64680430572
87,MLS Listing,,Single Family Residential,5916 W 60th St,Chicago,IL,60638,275000,3.0,2.0,CHI - Clearing,1094.0,4051.0,1956.0,1,251.0,,Active,,,http://www.redfin.com/IL/Chicago/5916-W-60th-St-60638/home/14000917,MRED,11267775,N,Y,41.7836315,-87.7700106,275000,3.0,2.0,1094.0,1956.0,255590.65165071748
88,MLS Listing,,Single Family Residential,6428 W Raven St,Chicago,IL,60631,400000,4.0,2.5,CHI - Norwood Park,2346.0,3402.0,1942.0,1,171.0,,Active,,,http://www.redfin.com/IL/Chicago/6428-W-Raven-St-60631/home/13507407,MRED,11267768,N,Y,41.9939399,-87.7885725,400000,4.0,2.5,2346.0,1942.0,634025.8180916058
89,MLS Listing,,Condo/Co-op,70 W Huron St #2005,Chicago,IL,60654,250000,1.0,1.0,CHI - Near North Side,850.0,,1985.0,1,294.0,575.0,Active,,,http://www.redfin.com/IL/Chicago/70-W-Huron-St-60654/unit-2005/home/14101295,MRED,11267765,N,Y,41.8953693,-87.6309007,250000,1.0,1.0,850.0,1985.0,217922.04680320248
92,MLS Listing,,Condo/Co-op,1415 N Dearborn St Unit 12A,Chicago,IL,60610,298000,2.0,2.0,CHI - Near North Side,1300.0,,1977.0,1,229.0,1180.0,Active,November-13-2021 11:00 AM,November-13-2021 01:30 PM,http://www.redfin.com/IL/Chicago/1415-N-Dearborn-St-60610/unit-12A/home/14114539,MRED,11267753,N,Y,41.908244,-87.629737,298000,2.0,2.0,1300.0,1977.0,453888.67299827887
93,MLS Listing,,Condo/Co-op,2901 S Michigan Ave Unit 903-904,Chicago,IL,60616,112300,1.0,2.0,CHI - Douglas,1100.0,,1969.0,1,102.0,446.0,Active,,,http://www.redfin.com/IL/Chicago/2901-S-Michigan-Ave-60616/unit-903-904/home/177159323,MRED,11267737,N,Y,41.8416685,-87.6226075,112300,1.0,2.0,1100.0,1969.0,490425.3414912545
94,MLS Listing,,Condo/Co-op,1530 S State St #721,Chicago,IL,60605,365000,2.0,2.0,Dearborn Tower,1370.0,,2001.0,1,266.0,614.0,Active,November-13-2021 12:30 PM,November-13-2021 02:00 PM,http://www.redfin.com/IL/Chicago/1530-S-State-St-60605/unit-721/home/12713765,MRED,11267736,N,Y,41.8612054,-87.6284311,365000,2.0,2.0,1370.0,2001.0,503243.7003891445
96,MLS Listing,,Single Family Residential,5341 W Ferdinand St,Chicago,IL,60644,129500,3.0,1.5,CHI - Austin,1720.0,4800.0,1899.0,1,75.0,,Active,,,http://www.redfin.com/IL/Chicago/5341-W-Ferdinand-St-60644/home/13265479,MRED,11267724,N,Y,41.8886989,-87.7595157,129500,3.0,1.5,1720.0,1899.0,284521.589858782
99,MLS Listing,,Townhouse,1001 W Marquette Rd #1,Chicago,IL,60621,20000,4.0,2.0,CHI - Englewood,1340.0,,1972.0,1,15.0,,Active,,,http://www.redfin.com/IL/Chicago/1001-W-Marquette-Rd-60621/unit-1/home/13932231,MRED,11267699,N,Y,41.7722001,-87.6496788,20000,4.0,2.0,1340.0,1972.0,242707.5608578995
103,MLS Listing,,Condo/Co-op,1943 N Mohawk St #2,Chicago,IL,60614,1250000,3.0,2.5,CHI - Lincoln Park,1900.0,,2021.0,1,658.0,,Active,,,http://www.redfin.com/IL/Chicago/1943-N-Mohawk-St-60614/unit-2/home/177158706,MRED,11267680,N,Y,41.9177473,-87.6421767,1250000,3.0,2.5,1900.0,2021.0,690688.4104591832
104,MLS Listing,,Condo/Co-op,1255 S State St #1901,Chicago,IL,60605,330000,2.0,1.0,Vision on State,900.0,,2007.0,1,367.0,628.0,Active,November-13-2021 11:00 AM,November-13-2021 12:30 PM,http://www.redfin.com/IL/Chicago/1255-S-State-St-60605/unit-1901/home/21784695,MRED,11267663,N,Y,41.8661707,-87.6267747,330000,2.0,1.0,900.0,2007.0,149542.15154926525
106,MLS Listing,,Condo/Co-op,1350 W Fullerton Ave #405,Chicago,IL,60614,315000,1.0,1.0,Altgeld Club,1049.0,,1993.0,1,300.0,428.0,Active,November-14-2021 01:00 PM,November-14-2021 03:00 PM,http://www.redfin.com/IL/Chicago/1350-W-Fullerton-Ave-60614/unit-405/home/12771097,MRED,11261303,N,Y,41.9254567,-87.6621903,315000,1.0,1.0,1049.0,1993.0,290188.46234997176
107,MLS Listing,,Condo/Co-op,1201 S Prairie Ave #1206,Chicago,IL,60605,534900,2.0,2.0,The Grant,1207.0,,2008.0,1,443.0,590.0,Active,,,http://www.redfin.com/IL/Chicago/1201-S-Prairie-Ave-60605/unit-1206/home/21727686,MRED,11267658,N,Y,41.8671864,-87.6218681,534900,2.0,2.0,1207.0,2008.0,459361.76197270304
108,MLS Listing,,Condo/Co-op,500 W Superior St #1411,Chicago,IL,60654,555000,2.0,2.0,CHI - Near North Side,1250.0,,1972.0,1,444.0,1062.0,Active,,,http://www.redfin.com/IL/Chicago/500-W-Superior-St-60654/unit-1411/home/18946192,MRED,11267657,N,Y,41.895951,-87.642196,555000,2.0,2.0,1250.0,1972.0,432353.4039014294
110,MLS Listing,,Condo/Co-op,6007 N Sheridan Rd Unit 8K,Chicago,IL,60660,259900,2.0,2.0,CHI - Edgewater,1646.0,,1969.0,1,158.0,713.0,Active,,,http://www.redfin.com/IL/Chicago/6007-N-Sheridan-Rd-60660/unit-8K/home/13411327,MRED,11263219,N,Y,41.9913121,-87.6547605,259900,2.0,2.0,1646.0,1969.0,554785.6340946723
111,MLS Listing,,Townhouse,1549 W Asher St,Chicago,IL,60643,288000,4.0,2.5,CHI - West Pullman,1970.0,,2010.0,1,146.0,150.0,Active,,,http://www.redfin.com/IL/Chicago/1549-W-Asher-St-60643/unit-9-D/home/52635771,MRED,11267645,N,Y,41.6707183,-87.6606555,288000,4.0,2.5,1970.0,2010.0,591381.577377242
112,MLS Listing,,Condo/Co-op,260 E Chestnut St #804,Chicago,IL,60611,234900,1.0,1.0,Plaza on DeWitt,850.0,,1965.0,1,276.0,723.0,Active,,,http://www.redfin.com/IL/Chicago/260-E-Chestnut-St-60611/unit-804/home/14118846,MRED,11267647,N,Y,41.8986644,-87.6196021,234900,1.0,1.0,850.0,1965.0,195327.16367934877
114,MLS Listing,,Single Family Residential,2163 W Leland Ave,Chicago,IL,60625,750000,3.0,1.5,CHI - Lincoln Square,1642.0,2282.0,1891.0,1,457.0,,Active,November-13-2021 01:00 PM,November-13-2021 03:00 PM,http://www.redfin.com/IL/Chicago/2163-W-Leland-Ave-60625/home/13391425,MRED,11267638,N,Y,41.9665972,-87.6832061,750000,3.0,1.5,1642.0,1891.0,250700.6212364575
116,MLS Listing,,Single Family Residential,7022 W 64th St,Chicago,IL,60638,560000,5.0,3.5,CHI - Clearing,3100.0,3659.0,1965.0,1,181.0,,Active,,,http://www.redfin.com/IL/Chicago/7022-W-64th-St-60638/home/13996878,MRED,11267624,N,Y,41.7758356,-87.796871,560000,5.0,3.5,3100.0,1965.0,1001604.7268892447
117,MLS Listing,,Single Family Residential,1242 N Damen Ave,Chicago,IL,60622,899900,3.0,3.0,CHI - West Town,2760.0,2657.0,1895.0,1,326.0,,Active,,,http://www.redfin.com/IL/Chicago/1242-N-Damen-Ave-60622/home/14107566,MRED,11267614,N,Y,41.904517,-87.6775489,899900,3.0,3.0,2760.0,1895.0,927162.507616003
118,MLS Listing,,Condo/Co-op,2430 N Lakeview Ave Unit 11-12N,Chicago,IL,60614,2400000,5.0,4.5,CHI - Lincoln Park,5600.0,,1927.0,1,429.0,11471.0,Active,,,http://www.redfin.com/IL/Chicago/2430-N-Lakeview-Ave-60614/unit-11-12N/home/49882143,MRED,11267610,N,Y,41.9264053,-87.6394718,2400000,5.0,4.5,5600.0,1927.0,1964148.3243559487
122,MLS Listing,,Single Family Residential,13138 S Vernon Ave,Chicago,IL,60827,80000,2.0,1.5,Golden Gates,1440.0,,1969.0,1,56.0,,Active,,,http://www.redfin.com/IL/Chicago/13138-S-Vernon-Ave-60827/home/13045311,MRED,11267594,N,Y,41.6565794,-87.611869,80000,2.0,1.5,1440.0,1969.0,383759.82522936864
123,MLS Listing,,Single Family Residential,7244 W Everell Ave,Chicago,IL,60631,895000,5.0,3.5,CHI - Norwood Park,4000.0,4125.0,2020.0,1,224.0,,Active,,,http://www.redfin.com/IL/Chicago/7244-W-Everell-Ave-60631/home/13565397,MRED,11196895,N,Y,41.9928917,-87.8086247,895000,5.0,3.5,4000.0,2020.0,1349698.525165799
124,MLS Listing,,Condo/Co-op,4061 N Sheridan Rd #3,Chicago,IL,60613,469900,3.0,2.0,CHI - Uptown,1609.0,,1906.0,1,292.0,361.0,Active,November-12-2021 05:00 PM,November-12-2021 06:30 PM,http://www.redfin.com/IL/Chicago/4061-N-Sheridan-Rd-60613/unit-3/home/13392139,MRED,11265933,N,Y,41.9562359,-87.654221,469900,3.0,2.0,1609.0,1906.0,362734.8914947142
125,MLS Listing,,Single Family Residential,5514 S Kostner Ave,Chicago,IL,60629,250000,5.0,3.0,CHI - West Elsdon,1249.0,,1925.0,1,200.0,,Active,,,http://www.redfin.com/IL/Chicago/5514-S-Kostner-Ave-60629/home/14007370,MRED,11267568,N,Y,41.7925894,-87.7332569,250000,5.0,3.0,1249.0,1925.0,262721.71218356956
127,MLS Listing,,Single Family Residential,5140 S Rutherford Ave,Chicago,IL,60638,599900,5.0,3.5,CHI - Garfield Ridge,2885.0,,1959.0,1,208.0,,Active,November-14-2021 12:00 PM,November-14-2021 02:00 PM,http://www.redfin.com/IL/Chicago/5140-S-Rutherford-Ave-60638/home/14029747,MRED,11267574,N,Y,41.7983528,-87.7908298,599900,5.0,3.5,2885.0,1959.0,926514.1041937768
130,MLS Listing,,Condo/Co-op,2116 N Halsted St #2,Chicago,IL,60614,1075000,4.0,3.5,CHI - Lincoln Park,2700.0,,2008.0,1,398.0,200.0,Active,November-14-2021 12:00 PM,November-14-2021 01:30 PM,http://www.redfin.com/IL/Chicago/2116-N-Halsted-St-60614/unit-2/home/40376958,MRED,11267551,N,Y,41.9205285,-87.6488155,1075000,4.0,3.5,2700.0,2008.0,1032212.1540845013
131,MLS Listing,,Condo/Co-op,30 W Oak St Unit 7A,Chicago,IL,60610,2349500,3.0,3.5,CHI - Near North Side,3349.0,,2007.0,1,702.0,2792.0,Active,,,http://www.redfin.com/IL/Chicago/30-W-Oak-St-60610/unit-7A/home/18924584,MRED,11267550,N,Y,41.9008046,-87.6294752,2349500,3.0,3.5,3349.0,2007.0,1346410.622074578
132,Redfin Data,,Single Family Residential,2935 N Merrimac Ave,Chicago,IL,60634,245900,2.0,1.0,Chicago,1050.0,3720.0,1923.0,1,234.0,,Pre On-Market,,,http://www.redfin.com/IL/Chicago/2935-N-Merrimac-Ave-60634/home/13438133,Coming Soon,78602,N,Y,41.9339238,-87.7818096,245900,2.0,1.0,1050.0,1923.0,102303.28737673908
133,Redfin Data,,Multi-Family (2-4 Unit),3904 N Newland Ave,Chicago,IL,60634,425000,4.0,2.0,Chicago,2351.0,3750.0,1921.0,1,181.0,,Pre On-Market,,,http://www.redfin.com/IL/Chicago/3904-N-Newland-Ave-60634/home/13470744,Coming Soon,78600,N,Y,41.9510819,-87.8000978,425000,4.0,2.0,2351.0,1921.0,506316.61583929695
134,MLS Listing,,Condo/Co-op,230 E Ontario St #2301,Chicago,IL,60611,186000,1.0,1.0,CHI - Near North Side,875.0,,1969.0,1,213.0,778.0,Active,,,http://www.redfin.com/IL/Chicago/230-E-Ontario-St-60611/unit-2301/home/14097034,MRED,11267532,N,Y,41.8936581,-87.6212229,186000,1.0,1.0,875.0,1969.0,207789.41446206253
136,MLS Listing,,Condo/Co-op,440 N Wabash Ave #4911,Chicago,IL,60611,295000,1.0,1.0,Plaza 440 Private Residences,807.0,,1992.0,1,366.0,525.0,Active,,,http://www.redfin.com/IL/Chicago/440-N-Wabash-Ave-60611/unit-4911/home/12599436,MRED,11267527,N,Y,41.8903291,-87.6269895,295000,1.0,1.0,807.0,1992.0,212167.8243448888
138,MLS Listing,,Townhouse,6334 S Lockwood Ave,Chicago,IL,60638,244900,3.0,2.0,CHI - Clearing,988.0,,1946.0,1,248.0,,Active,,,http://www.redfin.com/IL/Chicago/6334-S-Lockwood-Ave-60638/home/13995484,MRED,11267525,N,Y,41.777233,-87.754677,244900,3.0,2.0,988.0,1946.0,210613.72765911184
139,MLS Listing,,Single Family Residential,8617 S Lowe Ave,Chicago,IL,60620,189500,5.0,2.0,CHI - Auburn Gresham,2518.0,4656.0,1910.0,1,75.0,,Active,,,http://www.redfin.com/IL/Chicago/8617-S-Lowe-Ave-60620/home/13225542,MRED,11267513,N,Y,41.7372872,-87.6397868,189500,5.0,2.0,2518.0,1910.0,437829.6864901753
141,MLS Listing,,Condo/Co-op,655 W Irving Park Rd #314,Chicago,IL,60613,200000,2.0,1.0,CHI - Lake View,849.0,,1975.0,1,236.0,592.0,Active,,,http://www.redfin.com/IL/Chicago/655-W-Irving-Park-Rd-60613/unit-314/home/12667400,MRED,11267504,N,Y,41.9543355,-87.6469625,200000,2.0,1.0,849.0,1975.0,97186.05926889507
142,MLS Listing,,Single Family Residential,7606 S Paulina St,Chicago,IL,60620,239900,5.0,2.0,CHI - Auburn Gresham,1056.0,3750.0,1940.0,1,227.0,,Active,November-13-2021 11:00 AM,November-13-2021 02:00 PM,http://www.redfin.com/IL/Chicago/7606-S-Paulina-St-60620/home/13911000,MRED,11267507,N,Y,41.7554716,-87.6663006,239900,5.0,2.0,1056.0,1940.0,7199.338419435546
143,MLS Listing,,Condo/Co-op,2506 W Hollywood Ave #1,Chicago,IL,60659,149900,1.0,1.0,CHI - West Ridge,900.0,,1931.0,1,167.0,245.0,Active,,,http://www.redfin.com/IL/Chicago/2506-W-Hollywood-Ave-60659/unit-1/home/12707235,MRED,11267493,N,Y,41.9851158,-87.6923755,149900,1.0,1.0,900.0,1931.0,172802.4106846843
144,MLS Listing,,Single Family Residential,8011 S Emerald Ave,Chicago,IL,60620,164900,3.0,1.0,CHI - Auburn Gresham,900.0,3123.0,1967.0,1,183.0,,Active,,,http://www.redfin.com/IL/Chicago/8011-S-Emerald-Ave-60620/home/13227403,MRED,11267497,N,Y,41.74846,-87.6425622,164900,3.0,1.0,900.0,1967.0,-4768.429704505019
146,MLS Listing,,Condo/Co-op,41 E 8th St #1207,Chicago,IL,60605,395000,2.0,2.0,CHI - Loop,1300.0,,2003.0,1,304.0,740.0,Active,November-13-2021 01:00 PM,November-13-2021 03:00 PM,http://www.redfin.com/IL/Chicago/41-E-8th-St-60605/unit-1207/home/12680447,MRED,11262220,N,Y,41.8717102,-87.6263215,395000,2.0,2.0,1300.0,2003.0,483262.02105928864
148,MLS Listing,,Single Family Residential,6458 S Lamon Ave,Chicago,IL,60638,339900,3.0,2.0,CHI - Clearing,1198.0,3654.0,1989.0,1,284.0,,Active,,,http://www.redfin.com/IL/Chicago/6458-S-Lamon-Ave-60638/home/13994349,MRED,11267472,N,Y,41.7748401,-87.7448938,339900,3.0,2.0,1198.0,1989.0,325916.2293021204
149,MLS Listing,,Condo/Co-op,811 W Eastwood Ave #401,Chicago,IL,60640,249900,2.0,2.0,CHI - Uptown,1088.0,,1917.0,1,230.0,403.0,Active,November-13-2021 02:00 PM,November-13-2021 04:00 PM,http://www.redfin.com/IL/Chicago/811-W-Eastwood-Ave-60640/unit-401/home/12621855,MRED,11267468,N,Y,41.9661377,-87.6506559,249900,2.0,2.0,1088.0,1917.0,318745.0587673597
150,MLS Listing,,Single Family Residential,2717 W Jarvis Ave,Chicago,IL,60645,410000,3.0,1.5,CHI - West Ridge,1581.0,3720.0,1952.0,1,259.0,,Active,,,http://www.redfin.com/IL/Chicago/2717-W-Jarvis-Ave-60645/home/13601981,MRED,11267460,N,Y,42.015528,-87.6980248,410000,3.0,1.5,1581.0,1952.0,300233.4258188298
151,MLS Listing,,Condo/Co-op,655 W Irving Park Rd #3817,Chicago,IL,60613,249000,1.0,1.0,CHI - Lake View,840.0,,1973.0,1,296.0,650.0,Active,,,http://www.redfin.com/IL/Chicago/655-W-Irving-Park-Rd-60613/unit-3817/home/12683125,MRED,11267451,N,Y,41.9543355,-87.6469625,249000,1.0,1.0,840.0,1973.0,201187.80726571288
153,MLS Listing,,Condo/Co-op,401 E Ontario St #4204,Chicago,IL,60611,305000,1.0,1.0,CHI - Near North Side,775.0,,1990.0,1,394.0,657.0,Active,,,http://www.redfin.com/IL/Chicago/401-E-Ontario-St-60611/unit-4204/home/12765469,MRED,11267454,N,Y,41.893214,-87.6169215,305000,1.0,1.0,775.0,1990.0,199740.94511033595
155,MLS Listing,,Single Family Residential,10633 S Vernon Ave S,Chicago,IL,60628,254900,3.0,2.0,CHI - Roseland,1500.0,3781.0,1949.0,1,170.0,,Active,,,http://www.redfin.com/IL/Chicago/10633-S-Vernon-Ave-60628/home/13079720,MRED,11267440,N,Y,41.7008671,-87.612139,254900,3.0,2.0,1500.0,1949.0,376681.2148823673
156,MLS Listing,,Condo/Co-op,4435 S Oakenwald Ave #4,Chicago,IL,60653,659000,3.0,2.0,CHI - Kenwood,3400.0,,2005.0,1,194.0,328.0,Active,,,http://www.redfin.com/IL/Chicago/4435-S-Oakenwald-Ave-60653/unit-4/home/18916778,MRED,11267434,N,Y,41.8144449,-87.5954343,659000,3.0,2.0,3400.0,2005.0,1043635.7236328432
157,MLS Listing,,Condo/Co-op,1542 W Diversey Pkwy #2,Chicago,IL,60614,369000,2.0,2.0,CHI - Lake View,1200.0,,1997.0,1,308.0,173.0,Active,November-13-2021 01:00 PM,November-13-2021 03:00 PM,http://www.redfin.com/IL/Chicago/1542-W-Diversey-Pkwy-60614/unit-2/home/13363715,MRED,11267426,N,Y,41.932608,-87.6676001,369000,2.0,2.0,1200.0,1997.0,444710.45949035976
158,MLS Listing,,Condo/Co-op,1030 N State St Unit 52H,Chicago,IL,60610,595000,2.0,2.0,CHI - Near North Side,1500.0,,1970.0,1,397.0,1035.0,Active,,,http://www.redfin.com/IL/Chicago/1030-N-State-St-60610/unit-52H/home/14110795,MRED,11267423,N,Y,41.9015297,-87.6286369,595000,2.0,2.0,1500.0,1970.0,509526.6571684759
161,MLS Listing,,Condo/Co-op,5455 N Sheridan Rd #405,Chicago,IL,60640,105000,0.0,1.0,CHI - Edgewater,600.0,,1972.0,1,175.0,363.0,Active,,,http://www.redfin.com/IL/Chicago/5455-N-Sheridan-Rd-60640/unit-405/home/13400763,MRED,11267420,N,Y,41.9817637,-87.6547271,105000,0.0,1.0,600.0,1972.0,232923.4461993277
163,MLS Listing,,Single Family Residential,5808 S Newcastle Ave,Chicago,IL,60638,269900,3.0,2.0,CHI - Garfield Ridge,1004.0,4159.0,1956.0,1,269.0,,Active,,,http://www.redfin.com/IL/Chicago/5808-S-Newcastle-Ave-60638/home/13999419,MRED,11267404,N,Y,41.7863631,-87.7928757,269900,3.0,2.0,1004.0,1956.0,226994.86468212213
167,MLS Listing,,Single Family Residential,2727 N Moody Ave,Chicago,IL,60639,265000,4.0,2.0,CHI - Belmont Cragin,800.0,4216.0,1949.0,1,331.0,,Active,,,http://www.redfin.com/IL/Chicago/2727-N-Moody-Ave-60639/home/12556780,MRED,11267387,N,Y,41.9301178,-87.7792733,265000,4.0,2.0,800.0,1949.0,45148.72345389379
168,MLS Listing,,Condo/Co-op,4518 W Wellington Ave Unit 4518-2,Chicago,IL,60641,149900,2.0,1.0,CHI - Hermosa,875.0,,1928.0,1,171.0,178.0,Active,,,http://www.redfin.com/IL/Chicago/4518-W-Wellington-Ave-60641/unit-4518-2/home/177156641,MRED,11267388,N,Y,41.9354449,-87.7402407,149900,2.0,1.0,875.0,1928.0,52349.0890521002
169,MLS Listing,,Condo/Co-op,1550 N Clark St #302,Chicago,IL,60610,1500000,2.0,2.5,CHI - Near North Side,2477.0,,2020.0,1,606.0,1516.0,Active,,,http://www.redfin.com/IL/Chicago/1550-N-Clark-St-60610/unit-302/home/147616649,MRED,11267393,N,Y,41.9109282,-87.6319169,1500000,2.0,2.5,2477.0,2020.0,982010.248874383
170,MLS Listing,,Single Family Residential,2640 N Hamlin Ave,Chicago,IL,60647,415000,5.0,2.0,CHI - Logan Square,1907.0,,1903.0,1,218.0,,Active,November-13-2021 11:00 AM,November-13-2021 12:30 PM,http://www.redfin.com/IL/Chicago/2640-N-Hamlin-Ave-60647/home/13447955,MRED,11266110,N,Y,41.9294691,-87.7222449,415000,5.0,2.0,1907.0,1903.0,235787.85697669396
172,MLS Listing,,Condo/Co-op,70 W Burton Pl Unit 1801F,Chicago,IL,60610,209900,1.0,1.0,CHI - Near North Side,750.0,,1967.0,1,280.0,667.0,Active,,,http://www.redfin.com/IL/Chicago/70-W-Burton-Pl-60610/unit-1801F/home/14114116,MRED,11267382,N,Y,41.9096149,-87.63123,209900,1.0,1.0,750.0,1967.0,165813.555359961
174,MLS Listing,,Condo/Co-op,815 W Superior St #3,Chicago,IL,60642,449500,2.0,2.0,CHI - West Town,1500.0,,1997.0,1,300.0,252.0,Active,,,http://www.redfin.com/IL/Chicago/815-W-Superior-St-60642/unit-3/home/12725052,MRED,11267372,N,Y,41.8953049,-87.6485231,449500,2.0,2.0,1500.0,1997.0,540029.7493856782
175,MLS Listing,,Single Family Residential,5436 S Keeler Ave,Chicago,IL,60632,240000,2.0,1.0,CHI - West Elsdon,1116.0,5039.0,1944.0,1,215.0,,Active,November-13-2021 12:00 PM,November-13-2021 03:00 PM,http://www.redfin.com/IL/Chicago/5436-S-Keeler-Ave-60632/home/14021547,MRED,11267374,N,Y,41.7938857,-87.7283242,240000,2.0,1.0,1116.0,1944.0,146998.1584337554
176,MLS Listing,,Single Family Residential,4922 W Walton St,Chicago,IL,60651,325000,4.0,2.5,CHI - Austin,1700.0,,1916.0,1,191.0,,Active,,,http://www.redfin.com/IL/Chicago/4922-W-Walton-St-60651/home/13278793,MRED,11267359,N,Y,41.897981,-87.749323,325000,4.0,2.5,1700.0,1916.0,399398.2657893426
177,MLS Listing,,Single Family Residential,4848 W Berteau Ave,Chicago,IL,60641,799900,6.0,4.0,CHI - Portage Park,4231.0,6250.0,1936.0,1,189.0,,Active,,,http://www.redfin.com/IL/Chicago/4848-W-Berteau-Ave-60641/home/13478019,MRED,11267337,N,Y,41.9572653,-87.7494029,799900,6.0,4.0,4231.0,1936.0,1324648.2840627977
178,MLS Listing,,Condo/Co-op,3550 N Lake Shore Dr #1821,Chicago,IL,60657,179900,1.0,1.0,CHI - Lake View,873.0,,1962.0,1,206.0,572.0,Active,,,http://www.redfin.com/IL/Chicago/3550-N-Lake-Shore-Dr-60657/unit-1821/home/13378889,MRED,11267322,N,Y,41.9480112,-87.6438535,179900,1.0,1.0,873.0,1962.0,199245.74343607854
179,MLS Listing,,Condo/Co-op,2545 S Dearborn St #404,Chicago,IL,60616,310000,2.0,2.0,Opera Lofts,1102.0,,1909.0,1,281.0,305.0,Active,November-13-2021 11:00 AM,November-13-2021 01:00 PM,http://www.redfin.com/IL/Chicago/2545-S-Dearborn-St-60616/unit-404/home/113096965,MRED,11267316,N,Y,41.8464499,-87.6278148,310000,2.0,2.0,1102.0,1909.0,314155.33904626593
181,MLS Listing,,Single Family Residential,7349 S Winchester Ave,Chicago,IL,60636,249900,3.0,2.0,CHI - West Englewood,933.0,4164.0,1925.0,1,268.0,,Active,,,http://www.redfin.com/IL/Chicago/7349-S-Winchester-Ave-60636/home/13910099,MRED,11267338,N,Y,41.7597819,-87.6719251,249900,3.0,2.0,933.0,1925.0,169413.89723159
183,MLS Listing,,Condo/Co-op,2916 N Pine Grove Ave #2,Chicago,IL,60657,275000,1.0,1.0,CHI - Lake View,985.0,,1917.0,1,279.0,387.0,Active,,,http://www.redfin.com/IL/Chicago/2916-N-Pine-Grove-Ave-60657/unit-2/home/13371016,MRED,11267333,N,Y,41.934641,-87.642094,275000,1.0,1.0,985.0,1917.0,183993.12463499326
186,MLS Listing,,Single Family Residential,10003 S Saint Lawrence Ave,Chicago,IL,60628,119900,4.0,2.0,CHI - Roseland,1050.0,3750.0,1948.0,1,114.0,,Active,,,http://www.redfin.com/IL/Chicago/10003-S-St-Lawrence-Ave-60628/home/13086481,MRED,11267315,N,Y,41.7126597,-87.6087831,119900,4.0,2.0,1050.0,1948.0,123451.72087713331
191,MLS Listing,,Condo/Co-op,454 N Aberdeen St Unit 1N,Chicago,IL,60642,540000,2.0,2.0,CHI - West Town,1600.0,,2005.0,1,338.0,240.0,Active,November-13-2021 12:00 PM,November-13-2021 02:00 PM,http://www.redfin.com/IL/Chicago/454-N-Aberdeen-St-60642/unit-1N/home/12610574,MRED,11265455,N,Y,41.8904751,-87.6549126,540000,2.0,2.0,1600.0,2005.0,580840.7992669931
193,MLS Listing,,Single Family Residential,8545 S Vernon Ave,Chicago,IL,60619,164900,4.0,2.0,CHI - Chatham,1387.0,6921.0,1925.0,1,119.0,,Active,,,http://www.redfin.com/IL/Chicago/8545-S-Vernon-Ave-60619/home/13223102,MRED,11267310,N,Y,41.7388264,-87.6126019,164900,4.0,2.0,1387.0,1925.0,204542.9409337761
197,MLS Listing,,Condo/Co-op,,Chicago,IL,60643,119999,2.0,1.0,CHI - Beverly,700.0,,1960.0,1,171.0,140.0,Active,,,http://www.redfin.com/IL/Chicago/Undisclosed-address-60643/home/12710695,MRED,11267294,N,Y,41.704295,-87.669803,119999,2.0,1.0,700.0,1960.0,32897.98294466315
200,MLS Listing,,Condo/Co-op,4300 W Ford City Dr #810,Chicago,IL,60652,39900,2.0,1.5,CHI - West Lawn,750.0,,1970.0,1,53.0,348.0,Active,,,http://www.redfin.com/IL/Chicago/4300-W-Ford-City-Dr-60652/unit-810/home/13980623,MRED,11267273,N,Y,41.7539407,-87.7307287,39900,2.0,1.5,750.0,1970.0,165655.20262632752
201,MLS Listing,,Single Family Residential,3818 W 64th Pl,Chicago,IL,60629,359900,6.0,3.0,CHI - West Lawn,1747.0,3720.0,1948.0,1,206.0,,Active,November-13-2021 12:00 PM,November-13-2021 03:00 PM,http://www.redfin.com/IL/Chicago/3818-W-64th-Pl-60629/home/13991900,MRED,11267272,N,Y,41.7761773,-87.7185893,359900,6.0,3.0,1747.0,1948.0,337815.0339961676
204,MLS Listing,,Condo/Co-op,5133 N Winthrop Ave Unit 1A,Chicago,IL,60640,240000,2.0,2.0,CHI - Uptown,1100.0,,1911.0,1,218.0,205.0,Active,November-13-2021 11:00 AM,November-13-2021 01:00 PM,http://www.redfin.com/IL/Chicago/5133-N-Winthrop-Ave-60640/unit-1A/home/147480346,MRED,11267261,N,Y,41.9761843,-87.657556,240000,2.0,2.0,1100.0,1911.0,315779.36542601604
205,MLS Listing,,Condo/Co-op,211 N Harbor Dr #2002,Chicago,IL,60601,1865054,3.0,2.0,CHI - Loop,1638.0,,2021.0,1,1139.0,1325.0,Active,,,http://www.redfin.com/IL/Chicago/211-N-Harbor-Dr-60601/unit-2002/home/177155938,MRED,11267249,N,Y,41.8856379,-87.6154707,1865054,3.0,2.0,1638.0,2021.0,501869.6674800869
207,MLS Listing,,Condo/Co-op,5050 S East End Ave Unit 12D,Chicago,IL,60615,183000,3.0,2.0,CHI - Kenwood,1275.0,,1956.0,1,144.0,1057.0,Active,,,http://www.redfin.com/IL/Chicago/5050-S-East-End-Ave-60615/unit-12D/home/109469959,MRED,11267223,N,Y,41.8028466,-87.5857262,183000,3.0,2.0,1275.0,1956.0,313099.9565542266
208,MLS Listing,,Condo/Co-op,1211 S Prairie Ave #5301,Chicago,IL,60605,1600000,3.0,3.0,Museum Park,2924.0,,2007.0,1,547.0,2348.0,Active,,,http://www.redfin.com/IL/Chicago/1211-S-Prairie-Ave-60605/unit-5301/home/39571329,MRED,11267224,N,Y,41.8667098,-87.6212676,1600000,3.0,3.0,2924.0,2007.0,1105801.7315856917
211,MLS Listing,,Single Family Residential,4309 N Bernard St,Chicago,IL,60618,889000,4.0,3.5,CHI - Irving Park,3400.0,3123.0,2021.0,1,261.0,,Active,November-13-2021 12:00 PM,November-13-2021 02:00 PM,http://www.redfin.com/IL/Chicago/4309-N-Bernard-St-60618/home/13484083,MRED,11267219,N,Y,41.959667,-87.7140867,889000,4.0,3.5,3400.0,2021.0,1269310.5045374166
212,MLS Listing,,Condo/Co-op,40 E 9th St #1716,Chicago,IL,60605,345000,3.0,3.0,CHI - Loop,1900.0,,1920.0,1,182.0,1338.0,Active,,,http://www.redfin.com/IL/Chicago/40-E-9th-St-60605/unit-1716/home/12647387,MRED,11267218,N,Y,41.8707384,-87.6263891,345000,3.0,3.0,1900.0,1920.0,682157.4804875734
213,MLS Listing,,Single Family Residential,3723 W 68th Pl,Chicago,IL,60629,269900,3.0,2.5,CHI - West Lawn,2022.0,,1940.0,1,133.0,,Active,,,http://www.redfin.com/IL/Chicago/3723-W-68th-Pl-60629/home/13990044,MRED,11267217,N,Y,41.7685541,-87.7161648,269900,3.0,2.5,2022.0,1940.0,637942.3116983385
215,MLS Listing,,Single Family Residential,3119 W 84th Pl,Chicago,IL,60652,259000,3.0,2.0,CHI - Ashburn,1189.0,4874.0,1955.0,1,218.0,,Active,,,http://www.redfin.com/IL/Chicago/3119-W-84th-Pl-60652/home/13963470,MRED,11267200,N,Y,41.7396133,-87.7000564,259000,3.0,2.0,1189.0,1955.0,284645.3492947095
216,MLS Listing,,Condo/Co-op,700 N Larrabee St #1507,Chicago,IL,60654,1250000,3.0,3.0,CHI - Near North Side,2456.0,,2006.0,1,509.0,1160.0,Active,,,http://www.redfin.com/IL/Chicago/700-N-Larrabee-St-60654/unit-1507/home/177155630,MRED,11267194,N,Y,41.8947154,-87.6433384,1250000,3.0,3.0,2456.0,2006.0,955973.8951928015
217,MLS Listing,,Condo/Co-op,1035 N Dearborn St Unit 8E,Chicago,IL,60610,899000,2.0,2.0,Maple Tower,2000.0,,2006.0,1,450.0,1634.0,Active,November-13-2021 12:30 PM,November-13-2021 02:30 PM,http://www.redfin.com/IL/Chicago/1035-N-Dearborn-St-60610/unit-8E/home/12604205,MRED,11267197,N,Y,41.9016563,-87.6294752,899000,2.0,2.0,2000.0,2006.0,709062.9299502773
218,MLS Listing,,Condo/Co-op,1018 N Hermitage Ave #1,Chicago,IL,60622,699900,3.0,2.5,CHI - West Town,2400.0,,2004.0,1,292.0,265.0,Active,November-13-2021 11:00 AM,November-13-2021 01:00 PM,http://www.redfin.com/IL/Chicago/1018-N-Hermitage-Ave-60622/unit-1/home/12649825,MRED,11267195,N,Y,41.9002056,-87.6713087,699900,3.0,2.5,2400.0,2004.0,830348.242962772
222,MLS Listing,,Single Family Residential,11320 S Church St,Chicago,IL,60643,175000,4.0,1.5,CHI - Morgan Park,893.0,,1972.0,1,196.0,,Active,,,http://www.redfin.com/IL/Chicago/11320-S-Church-St-60643/home/13068627,MRED,11250873,N,Y,41.6882593,-87.6675431,175000,4.0,1.5,893.0,1972.0,-4891.410889977124
223,MLS Listing,,Townhouse,918 W College Pkwy,Chicago,IL,60608,695000,3.0,3.5,University Village,2140.0,,2005.0,1,325.0,320.0,Active,November-13-2021 12:00 PM,November-13-2021 02:00 PM,http://www.redfin.com/IL/Chicago/918-W-College-Pkwy-60608/home/177155535,MRED,11267172,N,Y,41.861504,-87.6495874,695000,3.0,3.5,2140.0,2005.0,960014.3954840577
228,MLS Listing,,Condo/Co-op,1800 W Grace St #525,Chicago,IL,60613,439900,2.0,2.0,CHI - North Center,1212.0,,2010.0,1,363.0,557.0,Active,,,http://www.redfin.com/IL/Chicago/1800-W-Grace-St-60613/unit-525/home/45507854,MRED,11267154,N,Y,41.950801,-87.6745887,439900,2.0,2.0,1212.0,2010.0,463209.9051166773
230,MLS Listing,,Condo/Co-op,1359 W Fillmore St Unit A,Chicago,IL,60607,349000,2.0,2.0,CHI - Near West Side,1240.0,,1997.0,1,281.0,150.0,Active,,,http://www.redfin.com/IL/Chicago/1359-W-Fillmore-St-60607/unit-A/home/177155332,MRED,11267150,N,Y,41.8683087,-87.6614606,349000,2.0,2.0,1240.0,1997.0,457419.6981430687
232,MLS Listing,,Condo/Co-op,1400 S Michigan Ave #1207,Chicago,IL,60605,320000,1.0,1.0,Michigan Avenue Towers,751.0,,2008.0,1,426.0,371.0,Active,,,http://www.redfin.com/IL/Chicago/1400-S-Michigan-Ave-60605/unit-1207/home/52638753,MRED,11267144,N,Y,41.863874,-87.62446,320000,1.0,1.0,751.0,2008.0,212450.79673017934
233,MLS Listing,,Condo/Co-op,1169 S Plymouth Ct #308,Chicago,IL,60605,312500,2.0,2.0,CHI - Loop,1250.0,,1979.0,1,250.0,709.0,Active,November-13-2021 11:00 AM,November-13-2021 12:30 PM,http://www.redfin.com/IL/Chicago/1169-S-Plymouth-Ct-60605/unit-308/home/23010443,MRED,11267138,N,Y,41.8678669,-87.628127,312500,2.0,2.0,1250.0,1979.0,440261.61299477797
234,MLS Listing,,Single Family Residential,620 W Fullerton Pkwy,Chicago,IL,60614,3995000,5.0,4.0,CHI - Lincoln Park,5000.0,6146.0,1886.0,1,799.0,,Active,,,http://www.redfin.com/IL/Chicago/620-W-Fullerton-Pkwy-60614/home/13367672,MRED,11267131,N,Y,41.9257808,-87.6448362,3995000,5.0,4.0,5000.0,1886.0,1621617.00435756
235,MLS Listing,,Condo/Co-op,4434 S Calumet Ave Unit G,Chicago,IL,60653,188000,2.0,1.5,CHI - Grand Boulevard,1350.0,,1899.0,1,139.0,268.0,Active,,,http://www.redfin.com/IL/Chicago/4434-S-Calumet-Ave-60653/unit-G/home/12692175,MRED,11267132,N,Y,41.8137709,-87.6184653,188000,2.0,1.5,1350.0,1899.0,276081.9473272851
237,MLS Listing,,Single Family Residential,,Chicago,IL,60613,1450000,5.0,3.5,CHI - Uptown,6091.0,,1906.0,1,238.0,,Active,,,http://www.redfin.com/IL/Chicago/Undisclosed-address-60613/home/13394215,MRED,11267125,N,Y,41.9594323,-87.6521525,1450000,5.0,3.5,6091.0,1906.0,1885283.1419302048
239,MLS Listing,,Condo/Co-op,73 E Elm St Unit 5D,Chicago,IL,60611,389000,2.0,1.0,CHI - Near North Side,1200.0,,1928.0,1,324.0,1312.0,Active,November-13-2021 11:00 AM,November-13-2021 01:00 PM,http://www.redfin.com/IL/Chicago/73-E-Elm-St-60611/unit-5D/home/14123737,MRED,11267117,N,Y,41.9029066,-87.626004,389000,2.0,1.0,1200.0,1928.0,155611.65310536232
241,MLS Listing,,Townhouse,1721 W Schubert Ave Unit H55,Chicago,IL,60614,875000,5.0,4.5,CHI - Lincoln Park,3074.0,,2008.0,1,285.0,350.0,Active,November-14-2021 12:00 PM,November-14-2021 02:00 PM,http://www.redfin.com/IL/Chicago/1721-W-Schubert-Ave-60614/unit-H55/home/105289637,MRED,11267119,N,Y,41.9309842,-87.6717345,875000,5.0,4.5,3074.0,2008.0,1253069.1800889722
242,MLS Listing,,Condo/Co-op,155 N Harbor Dr #814,Chicago,IL,60601,259000,0.0,1.0,Harbor Point,758.0,,1974.0,1,342.0,465.0,Active,,,http://www.redfin.com/IL/Chicago/155-N-Harbor-Dr-60601/unit-814/home/14094883,MRED,11267109,N,Y,41.8848951,-87.6153982,259000,0.0,1.0,758.0,1974.0,285384.4271899145
243,MLS Listing,,Condo/Co-op,57 E Delaware Pl #2001,Chicago,IL,60611,489900,1.0,1.5,CHI - Near North Side,1135.0,,2000.0,1,432.0,857.0,Active,,,http://www.redfin.com/IL/Chicago/57-E-Delaware-Pl-60611/unit-2001/home/12770902,MRED,11267104,N,Y,41.8989536,-87.6261597,489900,1.0,1.5,1135.0,2000.0,430994.76435049716
246,MLS Listing,,Condo/Co-op,1219 W Lunt Ave Unit 2B,Chicago,IL,60626,150000,1.0,1.0,CHI - Rogers Park,985.0,,1927.0,1,152.0,282.0,Active,November-13-2021 11:00 AM,November-13-2021 01:00 PM,http://www.redfin.com/IL/Chicago/1219-W-Lunt-Ave-60626/unit-2B/home/13569064,MRED,11267100,N,Y,42.008665,-87.662847,150000,1.0,1.0,985.0,1927.0,195290.56619692035
247,MLS Listing,,Condo/Co-op,100 E Huron St #3505,Chicago,IL,60611,1285000,3.0,2.5,CHI - Near North Side,2880.0,,1991.0,1,446.0,3045.0,Active,,,http://www.redfin.com/IL/Chicago/100-E-Huron-St-60611/unit-3505/home/14100154,MRED,11267088,N,Y,41.8953138,-87.624941,1285000,3.0,2.5,2880.0,1991.0,968172.4327647774
252,MLS Listing,,Condo/Co-op,5503 W Edmunds St Unit 1F,Chicago,IL,60630,155450,2.0,1.0,CHI - Jefferson Park,800.0,,1966.0,1,194.0,344.0,Active,,,http://www.redfin.com/IL/Chicago/5503-W-Edmunds-St-60630/unit-1F/home/12576905,MRED,11267068,N,Y,41.971289,-87.764918,155450,2.0,1.0,800.0,1966.0,71449.5445135925
253,MLS Listing,,Condo/Co-op,4907 N Ravenswood Ave Unit 1S,Chicago,IL,60640,650000,3.0,2.5,CHI - Uptown,2400.0,,2011.0,1,271.0,303.0,Active,November-14-2021 12:00 PM,November-14-2021 02:00 PM,http://www.redfin.com/IL/Chicago/4907-N-Ravenswood-Ave-60640/unit-1S/home/52592823,MRED,11267067,N,Y,41.972028,-87.6739218,650000,3.0,2.5,2400.0,2011.0,838256.4520561211
254,MLS Listing,,Condo/Co-op,345 N Canal St #1607,Chicago,IL,60606,329999,1.0,1.0,CHI - Near West Side,1055.0,,1898.0,1,313.0,707.0,Active,,,http://www.redfin.com/IL/Chicago/345-N-Canal-St-60606/unit-1607/home/14101260,MRED,11267066,N,Y,41.8882217,-87.639654,329999,1.0,1.0,1055.0,1898.0,184769.15330957342
256,MLS Listing,,Condo/Co-op,416 N Ada St #3,Chicago,IL,60622,374900,3.0,2.0,CHI - West Town,1400.0,,2005.0,1,268.0,316.0,Active,,,http://www.redfin.com/IL/Chicago/416-N-Ada-St-60642/unit-3/home/12610576,MRED,11267058,N,Y,41.8893797,-87.6611348,374900,3.0,2.0,1400.0,2005.0,408173.7909973841
258,MLS Listing,,Townhouse,4015 W 58th Pl,Chicago,IL,60629,184500,2.0,1.5,CHI - West Elsdon,1125.0,,1944.0,1,164.0,,Active,,,http://www.redfin.com/IL/Chicago/4015-W-58th-Pl-60629/home/14005575,MRED,11267048,N,Y,41.7866658,-87.7236687,184500,2.0,1.5,1125.0,1944.0,255430.96693446627
259,MLS Listing,,Condo/Co-op,210 E Pearson St Unit 4D,Chicago,IL,60611,450000,2.0,2.0,CHI - Near North Side,1400.0,,1926.0,1,321.0,1146.0,Active,November-14-2021 01:30 PM,November-14-2021 03:00 PM,http://www.redfin.com/IL/Chicago/210-E-Pearson-St-60611/unit-4D/home/22916417,MRED,11267044,N,Y,41.8978254,-87.6212025,450000,2.0,2.0,1400.0,1926.0,428044.8176642251
261,MLS Listing,,Condo/Co-op,1240 N Lake Shore Dr Unit 17A,Chicago,IL,60610,825000,3.0,2.5,CHI - Near North Side,2000.0,,1970.0,1,413.0,1850.0,Active,November-13-2021 02:00 PM,November-13-2021 04:00 PM,http://www.redfin.com/IL/Chicago/1240-N-Lake-Shore-Dr-60610/unit-17A/home/14125127,MRED,11267040,N,Y,41.905113,-87.62552,825000,3.0,2.5,2000.0,1970.0,664844.5551251294
263,MLS Listing,,Single Family Residential,8237 S Dante Ave,Chicago,IL,60619,359900,5.0,3.5,CHI - Avalon Park,3000.0,4599.0,1910.0,1,120.0,,Active,,,http://www.redfin.com/IL/Chicago/8237-S-Dante-Ave-60619/home/13222897,MRED,11267029,N,Y,41.7448662,-87.5890671,359900,5.0,3.5,3000.0,1910.0,907695.7016668743
264,MLS Listing,,Single Family Residential,3941 N Oak Park Ave N,Chicago,IL,60634,390000,3.0,3.0,CHI - Dunning,1800.0,4499.0,1927.0,1,217.0,,Active,November-13-2021 11:00 AM,November-13-2021 02:00 PM,http://www.redfin.com/IL/Chicago/3941-N-Oak-Park-Ave-60634/home/13468864,MRED,11267021,N,Y,41.9520488,-87.7959875,390000,3.0,3.0,1800.0,1927.0,658292.5929491492
265,MLS Listing,,Condo/Co-op,2150 W Division St #1,Chicago,IL,60622,650000,4.0,3.0,CHI - West Town,2300.0,,1998.0,1,283.0,193.0,Active,November-14-2021 11:00 AM,November-14-2021 01:00 PM,http://www.redfin.com/IL/Chicago/2150-W-Division-St-60622/unit-1/home/12789585,MRED,11267019,N,Y,41.9032917,-87.6817369,650000,4.0,3.0,2300.0,1998.0,788249.0961916316
266,MLS Listing,,Condo/Co-op,500 W Superior St #1908,Chicago,IL,60654,647747,3.0,2.0,CHI - Near North Side,1480.0,,1974.0,1,438.0,1152.0,Active,,,http://www.redfin.com/IL/Chicago/500-W-Superior-St-60654/unit-1908/home/18944506,MRED,11267012,N,Y,41.895951,-87.642196,647747,3.0,2.0,1480.0,1974.0,398570.19946082914
267,MLS Listing,,Single Family Residential,9841 S Maryland Ave S,Chicago,IL,60628,115000,2.0,2.0,CHI - Pullman,1200.0,,1946.0,1,96.0,,Active,,,http://www.redfin.com/IL/Chicago/9841-S-Maryland-Ave-60628/home/13088501,MRED,11267008,N,Y,41.7154133,-87.6027727,115000,2.0,2.0,1200.0,1946.0,387093.5075245332
273,MLS Listing,,Single Family Residential,7212 S Green St,Chicago,IL,60621,49900,3.0,1.5,CHI - Englewood,1050.0,,1902.0,2,48.0,,Active,,,http://www.redfin.com/IL/Chicago/7212-S-Green-St-60621/home/13914706,MRED,11266999,N,Y,41.7628275,-87.6458771,49900,3.0,1.5,1050.0,1902.0,75031.07489448134
276,MLS Listing,,Condo/Co-op,21 W Goethe St Unit 6E,Chicago,IL,60610,117500,0.0,1.0,CHI - Near North Side,530.0,,1964.0,2,222.0,540.0,Active,,,http://www.redfin.com/IL/Chicago/21-W-Goethe-St-60610/unit-6E/home/14111190,MRED,11266991,N,Y,41.9054585,-87.6296264,117500,0.0,1.0,530.0,1964.0,201644.32530754525
280,MLS Listing,,Condo/Co-op,40 E Cedar St E Unit 5B,Chicago,IL,60611,219000,1.0,1.0,CHI - Near North Side,900.0,,1968.0,2,243.0,727.0,Active,,,http://www.redfin.com/IL/Chicago/40-E-Cedar-St-60611/unit-5B/home/14123736,MRED,11266984,N,Y,41.9027706,-87.6269295,219000,1.0,1.0,900.0,1968.0,214602.94446381368
281,MLS Listing,,Townhouse,8615 S Ingleside Ave,Chicago,IL,60619,140000,3.0,1.5,CHI - Chatham,1224.0,,1956.0,2,114.0,,Active,,,http://www.redfin.com/IL/Chicago/8615-S-Ingleside-Ave-60619/home/13222088,MRED,11266981,N,Y,41.7380661,-87.6009446,140000,3.0,1.5,1224.0,1956.0,191322.4474681709
282,MLS Listing,,Condo/Co-op,175 E Delaware Pl #5402,Chicago,IL,60611,382999,2.0,2.0,CHI - Near North Side,1394.0,,1970.0,2,275.0,1123.0,Active,,,http://www.redfin.com/IL/Chicago/175-E-Delaware-Pl-60611/unit-5402/home/14119378,MRED,11266977,N,Y,41.8989444,-87.6227945,382999,2.0,2.0,1394.0,1970.0,475847.1747387969
283,MLS Listing,,Single Family Residential,3010 W Cullerton St,Chicago,IL,60623,105000,2.0,2.0,CHI - South Lawndale,1344.0,2901.0,1905.0,2,78.0,,Active,,,http://www.redfin.com/IL/Chicago/3010-W-Cullerton-St-60623/home/13232343,MRED,11266975,N,Y,41.8549411,-87.7009121,105000,2.0,2.0,1344.0,1905.0,386527.2562703858
285,MLS Listing,,Condo/Co-op,401 N Wabash Ave #2030,Chicago,IL,60611,126000,0.0,1.0,Trump Tower Chicago,675.0,,2008.0,2,187.0,2383.0,Active,,,http://www.redfin.com/IL/Chicago/401-N-Wabash-Ave-60611/unit-2030/home/39549181,MRED,11266965,N,Y,41.8888012,-87.6263094,126000,0.0,1.0,675.0,2008.0,297424.05829609465
287,MLS Listing,,Single Family Residential,4516 S Prairie Ave,Chicago,IL,60653,799000,5.0,3.5,CHI - Grand Boulevard,3300.0,,2017.0,2,242.0,,Active,,,http://www.redfin.com/IL/Chicago/4516-S-Prairie-Ave-60653/home/143935404,MRED,11266961,N,Y,41.8123623,-87.6200708,799000,5.0,3.5,3300.0,2017.0,1123897.6162748109
288,MLS Listing,,Single Family Residential,8321 S Green St,Chicago,IL,60620,137000,5.0,1.5,CHI - Auburn Gresham,1050.0,3123.0,1908.0,2,130.0,,Active,,,http://www.redfin.com/IL/Chicago/8321-S-Green-St-60620/home/13229944,MRED,11249968,N,Y,41.7426672,-87.644846,137000,5.0,1.5,1050.0,1908.0,-136432.09018048784
289,MLS Listing,,Single Family Residential,6015 S Nagle Ave,Chicago,IL,60638,325000,4.0,1.5,CHI - Clearing,2000.0,5039.0,1958.0,2,163.0,,Active,,,http://www.redfin.com/IL/Chicago/6015-S-Nagle-Ave-60638/home/13999095,MRED,11266959,N,Y,41.782705,-87.7823861,325000,4.0,1.5,2000.0,1958.0,331020.35063705174
290,MLS Listing,,Condo/Co-op,100 E 14th St #1409,Chicago,IL,60605,475000,2.0,2.0,1400 Museum Park,1248.0,,2008.0,2,381.0,551.0,Active,November-14-2021 12:00 PM,November-14-2021 03:00 PM,http://www.redfin.com/IL/Chicago/100-E-14th-St-60605/unit-1409/home/16902668,MRED,11266955,N,Y,41.8645195,-87.6238055,475000,2.0,2.0,1248.0,2008.0,472388.7315917304
291,MLS Listing,,Single Family Residential,4750 S Maplewood Ave,Chicago,IL,60632,499900,4.0,3.5,CHI - Brighton Park,2700.0,6250.0,2021.0,2,185.0,,Active,,,http://www.redfin.com/IL/Chicago/4750-S-Maplewood-Ave-60632/home/147722953,MRED,11266950,N,Y,41.806772,-87.688404,499900,4.0,3.5,2700.0,2021.0,1046898.8281150064
292,MLS Listing,,Single Family Residential,5534 S Hoyne Ave,Chicago,IL,60636,135000,3.0,1.0,CHI - West Englewood,1056.0,3750.0,1918.0,2,128.0,,Active,,,http://www.redfin.com/IL/Chicago/5534-S-Hoyne-Ave-60636/home/13939423,MRED,11247548,N,Y,41.792511,-87.6768941,135000,3.0,1.0,1056.0,1918.0,-10559.862612380646
293,MLS Listing,,Single Family Residential,322 W 104th St,Chicago,IL,60628,256900,4.0,2.5,CHI - Roseland,1600.0,3136.0,1939.0,2,161.0,,Active,,,http://www.redfin.com/IL/Chicago/322-W-104th-St-60628/home/13078043,MRED,11266938,N,Y,41.7053751,-87.6316522,256900,4.0,2.5,1600.0,1939.0,393609.2847500015
294,MLS Listing,,Single Family Residential,2649 N Melvina Ave N,Chicago,IL,60639,393500,5.0,3.0,CHI - Belmont Cragin,1768.0,,1925.0,2,223.0,,Active,,,http://www.redfin.com/IL/Chicago/2649-N-Melvina-Ave-60639/home/13436990,MRED,11266937,N,Y,41.9288632,-87.7805031,393500,5.0,3.0,1768.0,1925.0,427624.0837024711
296,MLS Listing,,Single Family Residential,1204 W 90th St,Chicago,IL,60620,162500,3.0,1.0,CHI - Washington Heights,3632.0,,1941.0,2,45.0,,Active,,,http://www.redfin.com/IL/Chicago/1204-W-90th-St-60620/home/13104161,MRED,11266927,N,Y,41.7306082,-87.6534695,162500,3.0,1.0,3632.0,1941.0,833899.2222145218
298,MLS Listing,,Condo/Co-op,1726 N Mohawk St Unit 2S,Chicago,IL,60614,675000,2.0,2.0,CHI - Lincoln Park,1400.0,,1999.0,2,482.0,236.0,Active,November-14-2021 01:00 PM,November-14-2021 03:00 PM,http://www.redfin.com/IL/Chicago/1726-N-Mohawk-St-60614/unit-2S/home/12770697,MRED,11235525,N,Y,41.9137069,-87.6425815,675000,2.0,2.0,1400.0,1999.0,510516.1410662909
300,MLS Listing,,Single Family Residential,6000 S Honore St,Chicago,IL,60636,69900,3.0,1.0,CHI - West Englewood,1000.0,2935.0,1910.0,2,70.0,,Active,,,http://www.redfin.com/IL/Chicago/6000-S-Honore-St-60636/home/13936870,MRED,11266899,N,Y,41.7847346,-87.6706539,69900,3.0,1.0,1000.0,1910.0,-37390.74997571483
301,MLS Listing,,Condo/Co-op,512 N Mcclurg Ct #3405,Chicago,IL,60611,319000,1.0,1.0,CHI - Near North Side,965.0,,2001.0,2,331.0,503.0,Active,,,http://www.redfin.com/IL/Chicago/512-N-McClurg-Ct-60611/unit-3405/home/12695375,MRED,11266894,N,Y,41.8915234,-87.6178142,319000,1.0,1.0,965.0,2001.0,272537.0144288242
303,MLS Listing,,Condo/Co-op,811 S Lytle St #508,Chicago,IL,60607,343000,2.0,2.0,Columbus on the Park,1200.0,,2000.0,2,286.0,612.0,Active,November-13-2021 11:00 AM,November-13-2021 01:00 PM,http://www.redfin.com/IL/Chicago/811-S-Lytle-St-60607/unit-508/home/12787943,MRED,11266884,N,Y,41.8715311,-87.6575342,343000,2.0,2.0,1200.0,2000.0,448099.6919589378
305,MLS Listing,,Condo/Co-op,1700 E 56th St #304,Chicago,IL,60637,127000,1.0,1.0,CHI - Hyde Park,756.0,,1970.0,2,168.0,592.0,Active,,,http://www.redfin.com/IL/Chicago/1700-E-56th-St-60637/unit-304/home/13946281,MRED,11266871,N,Y,41.7938289,-87.5832152,127000,1.0,1.0,756.0,1970.0,171109.17362644523
306,MLS Listing,,Single Family Residential,4826 W Hubbard St,Chicago,IL,60644,179900,4.0,2.0,CHI - Austin,1344.0,,1905.0,2,134.0,,Active,,,http://www.redfin.com/IL/Chicago/4826-W-Hubbard-St-60644/home/13264337,MRED,11266863,N,Y,41.8888764,-87.7467494,179900,4.0,2.0,1344.0,1905.0,168285.6262582601
309,MLS Listing,,Condo/Co-op,2320 W Moffat St #0,Chicago,IL,60647,739000,4.0,2.5,CHI - Logan Square,1950.0,,1886.0,2,379.0,,Active,,,http://www.redfin.com/IL/Chicago/2320-W-Moffat-St-60647/home/13355930,MRED,11256256,N,Y,41.9148455,-87.6857069,739000,4.0,2.5,1950.0,1886.0,444938.68268299475
310,MLS Listing,,Condo/Co-op,1728 W Farwell Ave #207,Chicago,IL,60626,210000,3.0,2.0,CHI - Rogers Park,1200.0,,1968.0,2,175.0,366.0,Active,,,http://www.redfin.com/IL/Chicago/1728-W-Farwell-Ave-60626/unit-207/home/12797147,MRED,11266841,N,Y,42.0068777,-87.6745637,210000,3.0,2.0,1200.0,1968.0,302827.0639547091
320,MLS Listing,,Townhouse,7506 N Ridge Blvd Unit F,Chicago,IL,60645,195000,3.0,1.5,CHI - West Ridge,1240.0,,1960.0,2,157.0,,Active,November-13-2021 11:00 AM,November-13-2021 01:00 PM,http://www.redfin.com/IL/Chicago/7506-N-Ridge-Blvd-60645/unit-F/home/177153455,MRED,11266784,N,Y,42.0181449,-87.68543,195000,3.0,1.5,1240.0,1960.0,200925.1195540256
321,MLS Listing,,Townhouse,1843 N Hudson Ave,Chicago,IL,60614,899000,3.0,3.5,CHI - Lincoln Park,2400.0,,1985.0,2,375.0,549.0,Active,November-13-2021 11:30 AM,November-13-2021 01:00 PM,http://www.redfin.com/IL/Chicago/1843-N-Hudson-Ave-60614/home/22780329,MRED,11266783,N,Y,41.915992,-87.639798,899000,3.0,3.5,2400.0,1985.0,1020029.5636028135
322,MLS Listing,,Single Family Residential,1635 W 88th St,Chicago,IL,60620,145000,3.0,1.5,CHI - Auburn Gresham,1528.0,5623.0,1950.0,2,95.0,,Active,,,http://www.redfin.com/IL/Chicago/1635-W-88th-St-60620/home/13101164,MRED,11266780,N,Y,41.7338155,-87.6644802,145000,3.0,1.5,1528.0,1950.0,281134.19629160454
323,MLS Listing,,Townhouse,1008 N Kingsbury St,Chicago,IL,60610,799000,3.0,3.0,River Village,2107.0,,2007.0,2,379.0,248.0,Active,November-13-2021 11:00 AM,November-13-2021 02:00 PM,http://www.redfin.com/IL/Chicago/1008-N-Kingsbury-St-60610/home/12612762,MRED,11266777,N,Y,41.8999305,-87.6452607,799000,3.0,3.0,2107.0,2007.0,846215.5321041066
324,MLS Listing,,Single Family Residential,13537 S Avenue L,Chicago,IL,60633,165000,3.0,1.0,CHI - Hegewisch,1000.0,,1920.0,2,165.0,,Active,,,http://www.redfin.com/IL/Chicago/13537-S-Ave-L-60633/home/13030965,MRED,11266768,N,Y,41.6489095,-87.5359731,165000,3.0,1.0,1000.0,1920.0,-26093.30841378821
326,MLS Listing,,Condo/Co-op,300 N State St #3507,Chicago,IL,60654,230000,1.0,1.0,CHI - Near North Side,725.0,,1962.0,2,317.0,588.0,Active,,,http://www.redfin.com/IL/Chicago/300-N-State-St-60654/unit-3507/home/14100498,MRED,11266760,N,Y,41.8883034,-87.6284665,230000,1.0,1.0,725.0,1962.0,152221.56042105472
327,MLS Listing,,Single Family Residential,640 W Belden Ave,Chicago,IL,60614,3299000,7.0,6.5,CHI - Lincoln Park,6350.0,,2021.0,2,520.0,,Active,,,http://www.redfin.com/IL/Chicago/640-W-Belden-Ave-60614/home/13351033,MRED,11266748,N,Y,41.9238972,-87.6454916,3299000,7.0,6.5,6350.0,2021.0,2512693.7889796374
329,MLS Listing,,Condo/Co-op,250 E Pearson St #1104,Chicago,IL,60611,565000,1.0,1.5,CHI - Near North Side,1144.0,,2003.0,2,494.0,715.0,Active,,,http://www.redfin.com/IL/Chicago/250-E-Pearson-St-60611/unit-1104/home/12562944,MRED,11266744,N,Y,41.8979225,-87.6193321,565000,1.0,1.5,1144.0,2003.0,437243.57551593473
330,MLS Listing,,Townhouse,436 E Oakwood Blvd,Chicago,IL,60653,390000,5.0,3.0,CHI - Grand Boulevard,3700.0,,1959.0,2,105.0,,Active,,,http://www.redfin.com/IL/Chicago/436-E-Oakwood-Blvd-60653/home/13961412,MRED,11266729,N,Y,41.8229307,-87.6153018,390000,5.0,3.0,3700.0,1959.0,1079891.6119388756
332,MLS Listing,,Single Family Residential,4511 N Drake Ave,Chicago,IL,60625,750000,4.0,3.5,CHI - Albany Park,3600.0,3550.0,2006.0,2,208.0,,Active,,,http://www.redfin.com/IL/Chicago/4511-N-Drake-Ave-60625/home/26805214,MRED,11266730,N,Y,41.9633145,-87.7164727,750000,4.0,3.5,3600.0,2006.0,1315910.5354580726
337,MLS Listing,,Condo/Co-op,3930 N Pine Grove Ave #1515,Chicago,IL,60613,239000,2.0,2.0,CHI - Lake View,1100.0,,1969.0,2,217.0,946.0,Active,,,http://www.redfin.com/IL/Chicago/3930-N-Pine-Grove-Ave-60613/unit-1515/home/13380457,MRED,11266711,N,Y,41.9542371,-87.648457,239000,2.0,2.0,1100.0,1969.0,381304.52648519166
338,MLS Listing,,Condo/Co-op,1359 N Mohawk St #3,Chicago,IL,60610,649000,3.0,2.0,CHI - Near North Side,1700.0,,2004.0,2,382.0,208.0,Active,,,http://www.redfin.com/IL/Chicago/1359-N-Mohawk-St-60610/unit-3/home/12724417,MRED,11227372,N,Y,41.9072433,-87.6418269,649000,3.0,2.0,1700.0,2004.0,502363.3367365105
339,MLS Listing,,Condo/Co-op,310 S Michigan Ave #910,Chicago,IL,60604,265000,1.0,1.0,CHI - Loop,770.0,,1924.0,2,344.0,440.0,Active,,,http://www.redfin.com/IL/Chicago/310-S-Michigan-Ave-60604/unit-910/home/39567535,MRED,11266694,N,Y,41.8778248,-87.6246019,265000,1.0,1.0,770.0,1924.0,123589.17597003048
341,MLS Listing,,Single Family Residential,70 E 101st St,Chicago,IL,60628,245000,3.0,2.0,CHI - Roseland,1200.0,,1926.0,2,204.0,,Active,,,http://www.redfin.com/IL/Chicago/70-E-101st-St-60628/home/13090221,MRED,11266698,N,Y,41.7110452,-87.6209711,245000,3.0,2.0,1200.0,1926.0,255377.80939461663
342,MLS Listing,,Condo/Co-op,5420 S Michigan Ave #4,Chicago,IL,60615,190000,3.0,2.0,CHI - Washington Park,1500.0,,2006.0,2,127.0,130.0,Active,,,http://www.redfin.com/IL/Chicago/5420-S-Michigan-Ave-60615/unit-4/home/18937252,MRED,11266701,N,Y,41.7959135,-87.6228608,190000,3.0,2.0,1500.0,2006.0,441076.6317853499
